﻿<DataBase>
<Sudo CheckUpdatesOnStartUp="NO" Username="wd" Serial="x2022y2202p14" First="1" Second="7" Third="25" Fourth="35" CreditBarEnable="NO" CreditBarSpeed="1" Fifth="70" Overdue="2" QuotesSpeed="8"></Sudo>
<Dock id='d40251' Name="GI">
<Card id='c39845' Date='17 - 06 - 2022' ReviewedTimes='0' Language="AR"># ÔÓÔÓí#BkSPACE## ÔÓíÔÓí#BkSPACE## ÔíÓÔÓíÓíÔ#BkSPACE## ÔíÔÓ#BkSPACE#	1# ÔíÓíÓÔ#BkSPACE#	2# ÔÓíÔíÓ#BkSPACE#	3# ÔíÓÓÔí#BkSPACE#	4# ÔÓíÔÓí#BkSPACE#	5# ÔÓíÔÓí#BkSPACE#1: ÔÓíÓÔí#BkSPACE#2: ÔíÔÓí#BkSPACE#3: ÔÓíÔÓí#BkSPACE#4: ÔíÔÓ#BkSPACE#5: ÔíÓí#BkSPACE##BkSPACE#                    [ÔíÔÓíÔÓí]#BkSPACE#	- ÔÓíÔÓí#BkSPACE#	- ÔÓíÔÓí#BkSPACE#	- ÔÓíÔÓí</Card>
<Card id='c57602' Date='21 - 06 - 2022' Language='EN' ReviewedTimes="2">cxzcxzc</Card>
<Card id='c41806' Date='21 - 06 - 2022' Language='EN' ReviewedTimes="2">bgfhrgttrh</Card>
<Dock id='dd24200' Name='HS'>
<Card id='c36552' Date='27 - 05 - 2022' ReviewedTimes='1' Language="EN">dYou know what!#BkSPACE#Suck my dick!#BkSPACE#	- adsad#BkSPACE#	- adad#BkSPACE#	# asddas#BkSPACE#	# adsasd</Card>
<Card id='c16863' Date='02 - 06 - 2022' ReviewedTimes='0' Language="EN">dadda#BkSPACE#where are#BkSPACE#you?#BkSPACE#(adsadasd) "asd"a da#BkSPACE#Okay, but don't tell your mom!</Card>
</Dock>
<Card id='c51263' Date='09 - 07 - 2022' ReviewedTimes='0' Language='EN'>dqwe</Card>
<Card id='c48019' Date='09 - 07 - 2022' ReviewedTimes='0' Language='EN'>dweqe</Card>
<Card id='c69347' Date='09 - 07 - 2022' ReviewedTimes='0' Language='EN'>agtew</Card>
<Card id='c99134' Date='09 - 07 - 2022' ReviewedTimes='0' Language='EN'>hterw</Card>
<Card id='c37274' Date='09 - 07 - 2022' ReviewedTimes='0' Language='EN'>hdgsew</Card>
</Dock>
<Dock id='d13416' Name='faf'>
<Card id='c48406' Date='21 - 06 - 2022' Language='EN' ReviewedTimes="2">adasdasdasdasdasd</Card>
<Card id='c90279' Date='21 - 06 - 2022' Language='EN' ReviewedTimes="1">asasas#BkSPACE## sadsad#BkSPACE## ffs</Card>
<Card id='c19374' Date='21 - 06 - 2022' Language='EN' ReviewedTimes="3">zxaqweqwreqwr</Card>
</Dock>
</DataBase>